{
  "formant_frequencies": [
    7363.265306122448,
    7522.448979591836,
    7681.632653061224,
    7840.816326530612
  ],
  "spectral_centroid": 1537.1337838929276,
  "spectral_rolloff": 2367.477040967373,
  "mfcc_mean": [],
  "pitch_range": [
    60.0,
    300.0
  ],
  "vibrato_rate": 5.0,
  "vibrato_depth": 0.05
}